{"0": ["Chet Baker", "Sam & Dave", "Sam Cooke", "The Crystals", "Clarence Carter", "Al Green", "Michael Jackson", "Booker T. & the MG's", "Marvin Gaye", "Amy Winehouse", "Etta James", "Ben E. King", "Dusty Springfield", "Bill Withers", "Sarah Vaughan", "Nina Simone", "Aretha Franklin", "Edwin Starr", "Solomon Burke", "The Temptations", "Louis Armstrong", "Billie Holiday", "The Supremes", "Earth, Wind & Fire", "Frank Sinatra", "Ella Fitzgerald", "Minnie Riperton", "Otis Redding", "Jamiroquai", "The Ronettes", "Prince", "Peggy Lee", "Yuna", "Dinah Washington", "Stevie Wonder", "The Jackson 5", "Lianne La Havas", "Ray Charles"], "1": ["Brand New", "Queens of the Stone Age", "Nirvana", "Bullet for My Valentine", "Three Days Grace", "blink-182", "Paramore", "Red Hot Chili Peppers", "Rage Against the Machine", "Limp Bizkit", "Sum 41", "Dream Theater", "Papa Roach", "30 Seconds to Mars", "Avenged Sevenfold", "Korn", "Foo Fighters", "Bring Me the Horizon", "The Police", "Rise Against", "A Day to Remember", "The Offspring", "Green Day", "Breaking Benjamin", "The Black Keys", "The White Stripes", "Anberlin", "The Smashing Pumpkins", "Chevelle", "Good Charlotte", "Lostprophets", "Alice in Chains", "My Chemical Romance", "Godsmack", "R.E.M.", "Fall Out Boy", "Opeth", "Incubus", "Jimmy Eat World", "Stone Sour", "Weezer", "The Pretty Reckless", "Slipknot", "Rammstein", "3 Doors Down", "Linkin Park", "The Used", "Skillet", "Tool", "Nine Inch Nails", "Deftones", "System of a Down", "Marilyn Manson", "Anathema", "U2", "A Perfect Circle", "Soundgarden", "Pearl Jam", "Disturbed", "Yellowcard", "Nickelback", "Audioslave"], "2": ["Toto", "Melody Gardot", "The Beatles", "Jamie Cullum", "The Clash", "Lamb of God", "Metallica", "Creedence Clearwater Revival", "Queen", "The Band", "Madeleine Peyroux", "Leonard Cohen", "Black Sabbath", "The Mamas & the Papas", "Rod Stewart", "Lou Reed", "Tom Waits", "Megadeth", "Lynyrd Skynyrd", "Johnny Cash", "Elton John", "David Bowie", "Pantera", "Bee Gees", "Alice Cooper", "Joe Bonamassa", "Tracy Chapman", "Eric Clapton", "Jimi Hendrix", "Bon Jovi", "James Taylor", "Phil Collins", "Mot\u00f6rhead", "Scorpions", "Jefferson Airplane", "The Beach Boys", "Santana", "Venom", "Iggy Pop", "Guns N' Roses", "Nick Cave & The Bad Seeds", "Aerosmith", "The Jimi Hendrix Experience", "Bob Dylan", "Cream", "Neil Young", "Faces", "Bruce Springsteen", "AC/DC", "Simon & Garfunkel", "Michael Bubl\u00e9", "Van Halen", "Eagles", "Supertramp", "Van Morrison", "The Kinks", "Joe Cocker", "Kiss", "Iron Maiden", "The Rolling Stones", "\u0410\u0440\u0438\u044f", "Janis Joplin", "The Byrds", "Deep Purple", "Bryan Adams", "Norah Jones", "Led Zeppelin", "Pink Floyd", "Paul Simon", "Cat Stevens", "The Velvet Underground", "Ramones", "John Martyn", "The Doors", "The Who", "Randy Newman", "Dire Straits"], "3": ["The Weeknd", "Desiigner", "Eminem", "50 Cent", "Big K.R.I.T.", "Lupe Fiasco", "Kodak Black", "Arrested Development", "Nas", "The Notorious B.I.G.", "Dr. Dre", "Mac Miller", "Freddie Gibbs", "Rick Ross", "Jay-Z & Kanye West", "Vince Staples", "Fetty Wap", "Snoop Dogg", "Kanye West", "J. Cole", "Naughty By Nature", "Danny Brown", "A$AP Rocky", "Big Sean", "Kid Cudi", "ScHoolboy Q", "Action Bronson", "OutKast", "Kid Ink", "DMX", "T.I.", "Wiz Khalifa", "A Tribe Called Quest", "Kendrick Lamar", "Frank Ocean", "Ab-Soul", "Rae Sremmurd", "Lil' Wayne", "Beastie Boys", "Childish Gambino", "Chance the Rapper", "Drake", "2 Chainz", "Mos Def", "DJ Khaled", "Joey Badass", "Migos", "Post Malone", "Bryson Tiller", "Wu-Tang Clan", "2Pac", "Wale", "Jay-Z", "Future", "Jeremih"], "4": ["Alessia Cara", "Ariana Grande", "M\u00d8", "Beyonc\u00e9", "Lana Del Rey", "Bat for Lashes", "Meghan Trainor", "Fifth Harmony", "Highasakite", "Tove Lo", "Dua Lipa", "Taylor Swift", "Little Mix", "Marina & the Diamonds", "Nelly Furtado", "One Direction", "Selena Gomez", "Rihanna", "London Grammar", "Avril Lavigne", "Azealia Banks", "Shakira", "Bj\u00f6rk", "Ellie Goulding", "Jessie J", "Years & Years", "Adele", "Madonna", "Lily Allen", "Britney Spears", "Zayn", "AlunaGeorge", "Adam Lambert", "Nicki Minaj", "Carly Rae Jepsen", "Kelly Clarkson", "Ke$ha", "Backstreet Boys", "Lukas Graham", "Zara Larsson", "Halsey", "Katy Perry", "Aurora", "John Newman", "Christina Aguilera", "Lights", "Florence + the Machine", "Hailee Steinfeld", "Charli XCX", "Demi Lovato", "Miley Cyrus", "Banks", "Grimes", "Pink", "Astrid S", "Charlie Puth", "Kiiara", "Karpe Diem", "Shawn Mendes", "Lorde", "Sky Ferreira", "Ed Sheeran", "Sam Smith", "Birdy", "Susanne Sundf\u00f8r", "Lykke Li", "M.I.A.", "Anitta", "Sia", "Bruno Mars", "Justin Bieber", "P!nk", "Lady Gaga"], "5": ["Nelly", "Timbaland", "Tarrus Riley", "Erykah Badu", "Tinashe", "Solange", "Missy Elliott", "Pitbull", "Justin Timberlake", "Whitney Houston", "Wyclef Jean", "C\u00e9line Dion", "Aaliyah", "Black Eyed Peas", "Maxwell", "Seal", "Aloe Blacc", "Sade", "Janet Jackson", "Mike Posner", "Sting", "Omarion", "Miguel", "Gnarls Barkley", "Craig David", "Pharrell Williams", "George Michael", "Kehlani", "SWV", "John Legend", "Flo Rida", "Wham!", "Damian Marley", "Chronixx", "Jill Scott", "Usher", "R. Kelly", "Ne-Yo", "Faith Evans", "Jason Der\u00fclo", "Babyface", "Mariah Carey", "Ciara", "Jennifer Lopez", "Chris Brown", "Mary J. Blige", "Alicia Keys", "Destiny's Child", "Brandy", "Lionel Richie", "Vybz Kartel", "Sean Paul", "Chant\u00e9 Moore"], "6": ["The Verve", "James Blunt", "Snow Patrol", "Goo Goo Dolls", "Coldplay", "Oasis", "Natalie Imbruglia", "Jason Mraz", "Lifehouse", "Sara Bareilles", "Enrique Iglesias", "The Script", "Matchbox Twenty", "Tori Amos", "Tired Pony", "Keane", "The Fray", "John Mayer", "Train", "Regina Spektor", "Spice Girls", "Jack Johnson", "The Stone Roses", "Stereophonics", "Robbie Williams", "Mika", "No Doubt", "OneRepublic", "Alanis Morissette", "Maroon 5", "Garbage", "The Cranberries"], "7": ["Massive Attack", "The Prodigy", "Groove Armada", "Talking Heads", "Helios", "The Cure", "Hermitude", "Thievery Corporation", "The Smiths", "Archive", "UNKLE", "Aphex Twin", "\u00d3lafur Arnalds", "Max Richter", "Nicolas Jaar", "Siouxsie and the Banshees", "Flight Facilities", "The Chemical Brothers", "Bonobo", "Moloko", "Nils Frahm", "Brian Eno", "Fatboy Slim", "Ladytron", "Tycho", "Kaytranada", "Moderat", "Boards of Canada", "Joy Division", "Morcheeba", "Portishead", "Trentem\u00f8ller", "The Knife", "Kraak & Smaak", "James Blake", "Kraftwerk", "The Cinematic Orchestra", "RJD2", "Jon Hopkins", "Air", "Jamie xx", "Flying Lotus", "Chet Faker", "Burial", "Depeche Mode", "DJ Shadow", "Emancipator", "Flume", "Four Tet", "Moby", "Little Dragon", "Zero 7", "R\u00f6yksopp", "Tricky", "New Order", "Kindness"], "8": ["Avicii", "The Chainsmokers", "Disclosure", "Alan Walker", "Felix Jaehn", "Stromae", "Robin Schulz", "Clean Bandit", "Galantis", "Kygo", "DJ Snake", "Skrillex", "Major Lazer", "Duke Dumont", "MATOMA", "David Guetta", "Zedd", "ZHU", "Otto Knows", "Calvin Harris", "Bob Moses"], "9": ["Bloc Party", "Tegan and Sara", "The National", "Yeah Yeah Yeahs", "Bon Iver", "Kings of Leon", "Pulp", "Justice", "Twenty One Pilots", "My Morning Jacket", "Panic! at the Disco", "The Kooks", "The Postal Service", "TV on the Radio", "Interpol", "Gorillaz", "Iron & Wine", "Santigold", "Beach House", "Elliott Smith", "Sigur R\u00f3s", "PJ Harvey", "My Bloody Valentine", "Blur", "Beirut", "Beck", "Miike Snow", "Two Door Cinema Club", "The Strokes", "Explosions in the Sky", "Arctic Monkeys", "Broken Social Scene", "The 1975", "Modest Mouse", "Muse", "Bastille", "Metric", "Radiohead", "Kings of Convenience", "Gotye", "Scissor Sisters", "Vampire Weekend", "Sonic Youth", "The Killers", "CHVRCHES", "The Dandy Warhols", "Jos\u00e9 Gonz\u00e1lez", "Kasabian", "The Ting Tings", "Arcade Fire", "Ryan Adams", "Yo La Tengo", "Animal Collective", "Rhye", "LCD Soundsystem", "The Naked and Famous", "The Radio Dept.", "Pixies", "The Shins", "Nick Drake", "Sufjan Stevens", "Odesza", "Feist", "Tame Impala", "Mogwai", "Caribou", "Walk the Moon", "fun.", "Fleet Foxes", "Death Cab for Cutie", "Glass Animals", "Metronomy", "Bright Eyes", "Foals", "Cat Power", "Future Islands", "Yeasayer", "\u00c1sgeir", "MGMT", "Franz Ferdinand", "Daft Punk", "Imagine Dragons", "Empire of the Sun", "Placebo", "The Neighbourhood", "Grizzly Bear", "Crystal Castles", "Passion Pit", "SOHN", "alt-J", "Bombay Bicycle Club", "Purity Ring", "The xx", "m\u00fam", "Klaxons", "Foster the People", "Phoenix", "M83", "Hot Chip", "Andrew Bird", "Band of Horses"], "11": ["Laleh", "Of Monsters and Men", "The Civil Wars", "Edward Sharpe & The Magnetic Zeros", "The Lumineers", "H\u00e5kan Hellstr\u00f6m", "James Bay", "George Ezra", "Angus & Julia Stone", "Vance Joy", "Hozier", "Ben Howard", "The Paper Kites", "Miriam Bryant", "Kent", "Veronica Maggio", "Passenger", "Daughter", "First Aid Kit", "Amos Lee", "William Fitzsimmons", "Mumford & Sons"]}