{"Chet Baker": ["asia"], "Brand New": ["southAmerica"], "Toto": ["africa"], "Bob Marley & The Wailers": ["southAmerica", "northAmerica", "africa", "asia", "australiaOceania"], "Caifanes": ["northAmerica"], "Avicii": ["europe", "northAmerica", "southAmerica", "africa", "australiaOceania", "asia"], "The Weeknd": ["europe", "northAmerica", "southAmerica", "africa", "australiaOceania", "asia"], "Queens of the Stone Age": ["europe", "northAmerica", "africa", "australiaOceania"], "Desiigner": ["africa"], "ASIAN KUNG-FU GENERATION": ["asia"], "Alessia Cara": ["northAmerica", "australiaOceania", "asia"], "Melody Gardot": ["asia"], "Nelly": ["northAmerica", "africa"], "The Verve": ["africa"], "Sam Cooke": ["asia"], "James Blunt": ["africa", "asia"], "Eminem": ["europe", "northAmerica", "southAmerica", "africa", "australiaOceania", "asia"], "Nirvana": ["europe", "northAmerica", "southAmerica", "africa", "australiaOceania", "asia"], "The Crystals": ["africa"], "Massive Attack": ["europe", "africa", "australiaOceania", "asia"], "Timbaland": ["africa"], "Tarrus Riley": ["northAmerica"], "Wanda": ["europe"], "Clarence Carter": ["africa"], "The Prodigy": ["europe", "southAmerica", "africa", "australiaOceania", "asia"], "Bullet for My Valentine": ["asia"], "Three Days Grace": ["europe", "asia"], "The Beatles": ["europe", "northAmerica", "southAmerica", "africa", "australiaOceania", "asia"], "Erykah Badu": ["southAmerica", "northAmerica", "africa"], "Al Green": ["africa"], "Ariana Grande": ["europe", "northAmerica", "southAmerica", "africa", "australiaOceania", "asia"], "Ant\u00f4nio Carlos Jobim": ["asia"], "Teflon Brothers": ["europe"], "Kelly Clarkson": ["northAmerica", "africa", "asia"], "OneRepublic": ["europe", "northAmerica", "africa", "australiaOceania", "asia"], "Paramore": ["southAmerica", "northAmerica", "africa", "asia"], "Sam & Dave": ["africa"], "Groove Armada": ["africa"], "BUMP OF CHICKEN": ["asia"], "PMMP": ["europe"], "M\u00d8": ["europe"], "Talking Heads": ["europe", "northAmerica", "australiaOceania"], "Stromae": ["africa"], "Lana Del Rey": ["europe", "northAmerica", "southAmerica", "africa", "australiaOceania", "asia"], "Astor Piazzolla": ["asia"], "Bloc Party": ["europe", "australiaOceania"], "Tegan and Sara": ["southAmerica", "africa"], "The Chainsmokers": ["europe", "northAmerica", "africa", "asia"], "50 Cent": ["africa"], "Red Hot Chili Peppers": ["europe", "northAmerica", "southAmerica", "africa", "australiaOceania", "asia"], "Big K.R.I.T.": ["africa"], "Noize MC": ["asia"], "The National": ["europe", "northAmerica", "africa", "australiaOceania", "asia"], "Tinashe": ["northAmerica", "africa"], "Rage Against the Machine": ["europe", "asia"], "Nelson Freitas": ["africa"], "Solange": ["africa"], "A.R. Rahman": ["asia"], "Helios": ["northAmerica"], "Howard Shore": ["northAmerica"], "Jamie Cullum": ["africa", "asia"], "Yeah Yeah Yeahs": ["northAmerica", "africa"], "The Clash": ["europe", "southAmerica", "northAmerica", "africa"], "The Cure": ["europe", "northAmerica", "southAmerica", "africa", "australiaOceania", "asia"], "Snow Patrol": ["africa"], "The Civil Wars": ["europe"], "Enigma": ["africa", "asia"], "Hermitude": ["africa"], "Limp Bizkit": ["europe", "northAmerica", "africa", "asia"], "Lamb of God": ["asia"], "Ludwig van Beethoven": ["northAmerica", "africa"], "Metallica": ["europe", "northAmerica", "southAmerica", "africa", "australiaOceania", "asia"], "Mashrou' Leila": ["asia"], "Bat for Lashes": ["asia"], "Duran Duran": ["asia"], "Iggy Pop": ["europe", "africa"], "Bon Iver": ["europe", "northAmerica", "africa", "australiaOceania", "asia"], "Meghan Trainor": ["northAmerica", "africa", "asia"], "Disturbed": ["europe", "northAmerica", "asia"], "Suchmos": ["asia"], "Fifth Harmony": ["northAmerica", "africa", "asia"], "Weezer": ["southAmerica", "northAmerica", "africa", "asia", "australiaOceania"], "Pulp": ["asia"], "Lupe Fiasco": ["africa"], "Michael Jackson": ["europe", "northAmerica", "southAmerica", "africa", "australiaOceania", "asia"], "Breathe Carolina": ["northAmerica"], "\u0421\u043f\u043b\u0438\u043d": ["europe", "asia"], "Thievery Corporation": ["europe", "africa"], "Queen": ["europe", "northAmerica", "southAmerica", "africa", "australiaOceania", "asia"], "The Band": ["africa"], "Archive": ["europe", "africa"], "Jorge Ben": ["africa"], "Goo Goo Dolls": ["africa", "asia"], "P-Square": ["africa"], "Dream Theater": ["asia"], "UB40": ["southAmerica"], "Bombay Bicycle Club": ["europe"], "De Jeugd van Tegenwoordig": ["europe"], "Lil' Wayne": ["northAmerica", "africa", "asia", "australiaOceania"], "\u041a\u0418\u041d\u041e": ["asia"], "Justice": ["africa", "australiaOceania"], "Twenty One Pilots": ["europe", "northAmerica", "southAmerica", "africa", "australiaOceania", "asia"], "Dewa 19": ["asia"], "Kim Larsen": ["europe"], "Papa Roach": ["africa", "asia"], "Booty Luv": ["africa"], "30 Seconds to Mars": ["europe", "africa", "asia"], "Avenged Sevenfold": ["europe", "africa"], "Panic! at the Disco": ["southAmerica", "northAmerica", "africa"], "Fat Freddy's Drop": ["africa"], "Justin Timberlake": ["europe", "northAmerica", "southAmerica", "africa", "australiaOceania", "asia"], "Bipul Chettri": ["asia"], "Cat Stevens": ["africa"], "Korn": ["europe", "africa", "australiaOceania", "asia"], "Dave Dobbyn": ["australiaOceania"], "The Kooks": ["northAmerica"], "Donna Summer": ["australiaOceania"], "Chrome Sparks": ["africa"], "Franco Battiato": ["europe"], "Laleh": ["europe"], "Sarah Jaffe": ["africa"], "Highasakite": ["europe"], "Wyclef Jean": ["africa"], "C\u00e9line Dion": ["asia"], "Of Monsters and Men": ["europe"], "Empire of the Sun": ["northAmerica"], "Tove Lo": ["europe", "northAmerica", "africa", "asia"], "MF\u00d6": ["europe"], "Johann Sebastian Bach": ["africa"], "The Smiths": ["europe", "northAmerica", "southAmerica", "africa", "australiaOceania", "asia"], "Foo Fighters": ["europe", "northAmerica", "southAmerica", "africa", "australiaOceania", "asia"], "Pr\u0101ta V\u0113tra": ["europe"], "Jenni Vartiainen": ["europe"], "TV on the Radio": ["europe", "africa"], "Interpol": ["europe", "northAmerica", "africa", "australiaOceania"], "Booker T. & the MG's": ["africa"], "Marvin Gaye": ["europe", "northAmerica", "africa", "australiaOceania"], "Disclosure": ["europe", "northAmerica", "southAmerica", "africa", "australiaOceania", "asia"], "Childish Gambino": ["northAmerica", "africa", "australiaOceania", "asia"], "Gorillaz": ["europe", "northAmerica", "southAmerica", "africa", "australiaOceania", "asia"], "Bring Me the Horizon": ["europe", "southAmerica", "asia"], "Hans Zimmer": ["europe", "northAmerica", "africa", "australiaOceania", "asia"], "Iron & Wine": ["europe", "africa", "australiaOceania", "asia"], "Dan Stevens": ["australiaOceania"], "Alan Walker": ["europe"], "Metric": ["africa"], "The Notorious B.I.G.": ["northAmerica", "africa"], "Sarkodie": ["africa"], "Yiruma": ["asia"], "Norah Jones": ["africa", "australiaOceania"], "Ildo Lobo": ["africa"], "The Police": ["northAmerica", "africa"], "Wolfgang Amadeus Mozart": ["northAmerica", "africa"], "Antonio Vivaldi": ["northAmerica"], "Dead Can Dance": ["africa"], "Coldplay": ["europe", "northAmerica", "southAmerica", "africa", "australiaOceania", "asia"], "Lior": ["africa"], "Dua Lipa": ["northAmerica", "africa"], "Taylor Swift": ["southAmerica", "northAmerica", "africa", "australiaOceania", "asia"], "Jay-Z & Kanye West": ["northAmerica"], "Up Dharma Down": ["asia"], "\u5468\u6770\u502b": ["asia"], "Amy Winehouse": ["europe", "northAmerica", "southAmerica", "africa", "asia", "australiaOceania"], "Black Eyed Peas": ["northAmerica", "africa"], "\u00d3lafur Arnalds": ["asia"], "Sam Smith": ["europe", "northAmerica", "africa", "asia"], "Max Richter": ["africa"], "Santigold": ["northAmerica"], "Marina & the Diamonds": ["asia"], "Edward Sharpe & The Magnetic Zeros": ["africa"], "Aaliyah": ["northAmerica"], "Oasis": ["europe", "northAmerica", "southAmerica", "africa", "australiaOceania", "asia"], "Mac Miller": ["africa"], "Miles Davis": ["northAmerica", "africa", "asia"], "Frank Zappa": ["africa"], "HIM": ["asia"], "Chevelle": ["asia"], "Leonard Cohen": ["europe", "africa", "asia"], "Nelly Furtado": ["africa"], "Elliott Smith": ["africa"], "Ben E. King": ["africa"], "Nicolas Jaar": ["asia"], "Little Mix": ["asia"], "Rise Against": ["africa", "asia"], "Francis Cabrel": ["africa"], "Emma Watson": ["australiaOceania"], "Dusty Springfield": ["africa"], "Sigur R\u00f3s": ["europe", "northAmerica", "africa", "australiaOceania"], "Phoenix": ["europe", "northAmerica", "asia"], "The Lumineers": ["europe", "northAmerica", "africa", "asia"], "Maxwell": ["africa"], "Lionel Richie": ["asia"], "The Mamas & the Papas": ["africa"], "One Direction": ["northAmerica", "africa", "australiaOceania", "asia"], "PJ Harvey": ["europe", "africa"], "My Bloody Valentine": ["asia"], "Seal": ["asia"], "Selena Gomez": ["northAmerica", "africa", "asia"], "\u304f\u308b\u308a": ["asia"], "Tekno": ["africa"], "Supergroove": ["australiaOceania"], "Natalie Imbruglia": ["africa"], "Gepe": ["southAmerica"], "Rod Stewart": ["africa"], "Freddie Gibbs": ["africa"], "Rihanna": ["europe", "northAmerica", "southAmerica", "africa", "australiaOceania", "asia"], "\u738b\u83f2": ["asia"], "Lynyrd Skynyrd": ["africa"], "Aloe Blacc": ["africa"], "Blur": ["europe", "northAmerica", "southAmerica", "africa", "australiaOceania", "asia"], "Elvis Presley": ["europe", "northAmerica", "africa"], "Beirut": ["northAmerica", "asia"], "The Offspring": ["europe", "northAmerica", "africa", "asia"], "\u677e\u4efb\u8c37\u7531\u5b9f": ["asia"], "Artcell": ["asia"], "Lee \"Scratch\" Perry": ["africa"], "Sade": ["europe", "africa", "asia"], "Lou Reed": ["africa"], "Tom Waits": ["europe", "africa"], "Beck": ["europe", "northAmerica", "southAmerica", "africa", "australiaOceania", "asia"], "Green Day": ["europe", "northAmerica", "southAmerica", "africa", "australiaOceania", "asia"], "Sublime": ["northAmerica"], "Miike Snow": ["northAmerica", "asia"], "Yael Naim": ["asia"], "Ewan McGregor, Emma Thompson, Gugu Mbatha-Raw & Ian McKellen": ["australiaOceania"], "Faces": ["africa"], "Two Door Cinema Club": ["europe", "southAmerica", "northAmerica"], "Breaking Benjamin": ["africa", "asia"], "Para One": ["africa"], "The Strokes": ["europe", "northAmerica", "southAmerica", "africa", "asia", "australiaOceania"], "Vince Staples": ["africa"], "Chris Brown": ["northAmerica", "africa"], "Mike Posner": ["northAmerica"], "James Bay": ["africa", "asia"], "The Black Keys": ["europe", "southAmerica", "northAmerica", "africa", "asia"], "Robert Johnson": ["asia"], "Explosions in the Sky": ["northAmerica"], "Robin": ["europe"], "Charlie Puth": ["northAmerica", "africa", "asia"], "Avril Lavigne": ["northAmerica", "africa"], "Fairuz": ["africa", "asia"], "Azealia Banks": ["northAmerica", "asia"], "Bill Withers": ["northAmerica", "asia"], "Yann Tiersen": ["africa", "australiaOceania"], "Sting": ["asia"], "Stam1na": ["europe"], "ZHU": ["northAmerica"], "Shakira": ["southAmerica", "northAmerica", "africa", "australiaOceania", "asia"], "Lifehouse": ["northAmerica"], "Marilyn Manson": ["europe", "africa", "australiaOceania", "asia"], "Bj\u00f6rk": ["europe", "africa", "australiaOceania", "asia"], "Broken Social Scene": ["northAmerica"], "George Ezra": ["africa"], "Nightwish": ["europe", "asia"], "RADWIMPS": ["asia"], "Alice in Chains": ["africa", "asia"], "Passion Pit": ["northAmerica"], "Fr\u00e9d\u00e9ric Chopin": ["africa", "asia"], "The White Stripes": ["europe", "northAmerica", "southAmerica", "africa", "australiaOceania", "asia"], "Siouxsie and the Banshees": ["africa"], "Jay-Z": ["southAmerica", "northAmerica", "africa", "australiaOceania", "asia"], "Pearl Jam": ["europe", "southAmerica", "northAmerica", "africa", "asia"], "Megadeth": ["asia"], "The 1975": ["northAmerica", "africa", "asia"], "Flight Facilities": ["africa"], "Modest Mouse": ["northAmerica", "africa", "australiaOceania"], "Atif Aslam": ["asia"], "Trentem\u00f8ller": ["asia"], "Arrested Development": ["australiaOceania"], "Mayra Andrade": ["africa"], "Muse": ["europe", "northAmerica", "southAmerica", "africa", "australiaOceania", "asia"], "Sarah Vaughan": ["asia"], "Angus & Julia Stone": ["europe", "africa", "asia"], "BABYMETAL": ["asia"], "Davido": ["africa"], "Bilderbuch": ["europe"], "Bastille": ["europe", "northAmerica", "australiaOceania"], "Vance Joy": ["europe"], "Johnny Cash": ["europe", "africa", "australiaOceania", "asia"], "Ellie Goulding": ["europe", "northAmerica", "southAmerica", "africa", "australiaOceania", "asia"], "Chisu": ["europe"], "Hillsong United": ["northAmerica"], "Miguel": ["northAmerica", "africa"], "Babas\u00f3nicos": ["southAmerica"], "The Smashing Pumpkins": ["europe", "northAmerica", "southAmerica", "africa", "asia", "australiaOceania"], "Lacuna Coil": ["africa"], "Jessie J": ["africa"], "Migos": ["africa"], "Enrique Iglesias": ["northAmerica"], "R.E.M.": ["europe", "northAmerica", "southAmerica", "africa", "australiaOceania", "asia"], "Kevin Kline": ["australiaOceania"], "The Script": ["northAmerica", "africa", "asia"], "Sheila On 7": ["asia"], "Beach House": ["europe", "northAmerica", "africa", "australiaOceania", "asia"], "Nujabes": ["asia"], "Kings of Convenience": ["asia"], "Kid Ink": ["africa"], "Sonic Youth": ["africa"], "Felix Jaehn": ["africa"], "Beyonc\u00e9": ["europe", "northAmerica", "southAmerica", "africa", "australiaOceania", "asia"], "\u96fb\u6c17\u30b0\u30eb\u30fc\u30f4": ["asia"], "ATB": ["asia"], "Gotye": ["northAmerica"], "Good Charlotte": ["asia"], "Technotronic": ["australiaOceania"], "Years & Years": ["africa"], "J Balvin": ["northAmerica"], "Scissor Sisters": ["australiaOceania"], "Lostprophets": ["asia"], "The Chemical Brothers": ["europe", "africa", "asia"], "Vampire Weekend": ["europe", "africa", "australiaOceania", "asia"], "Hozier": ["europe", "northAmerica", "africa", "asia"], "Aretha Franklin": ["europe", "northAmerica", "africa"], "Robin Schulz": ["europe"], "\u76f8\u5bfe\u6027\u7406\u8ad6": ["asia"], "Mary Juane Clair": ["africa"], "\u661f\u91ce\u6e90": ["asia"], "Morcheeba": ["asia"], "The Killers": ["europe", "northAmerica", "southAmerica", "africa", "australiaOceania", "asia"], "Elton John": ["europe", "northAmerica", "africa", "asia"], "Matchbox Twenty": ["africa"], "Craig David": ["africa"], "\u4e94\u6708\u5929": ["asia"], "Dawid Podsiad\u0142o": ["europe"], "Emmsj\u00e9 Gauti": ["europe"], "The Dandy Warhols": ["asia"], "Bonobo": ["europe", "northAmerica", "africa", "australiaOceania", "asia"], "Tori Amos": ["australiaOceania"], "Moloko": ["africa"], "CHVRCHES": ["northAmerica", "africa", "asia", "australiaOceania"], "David Bowie": ["europe", "northAmerica", "southAmerica", "africa", "australiaOceania", "asia"], "Andr\u00e9s Calamaro": ["southAmerica"], "\u5f35\u60e0\u59b9": ["asia"], "Fetty Wap": ["northAmerica", "africa"], "Haloo Helsinki!": ["europe"], "\u30b5\u30ab\u30ca\u30af\u30b7\u30e7\u30f3": ["asia"], "Edwin Starr": ["africa"], "Audra McDonald, Emma Thompson & Ensemble - Beauty and the Beast": ["australiaOceania"], "Pharrell Williams": ["northAmerica", "africa"], "Jacques Dutronc": ["africa"], "Ben Howard": ["asia"], "Snoop Dogg": ["africa", "asia"], "Black Sabbath": ["europe", "africa", "asia"], "Nils Frahm": ["africa"], "Kanye West": ["europe", "northAmerica", "southAmerica", "africa", "australiaOceania", "asia"], "Pantera": ["asia"], "Kygo": ["europe", "northAmerica", "africa", "asia"], "J. Cole": ["southAmerica", "africa"], "Arctic Monkeys": ["europe", "northAmerica", "southAmerica", "africa", "australiaOceania", "asia"], "The Temptations": ["africa"], "Adriana Calcanhotto": ["africa"], "Brian Eno": ["africa"], "My Chemical Romance": ["southAmerica"], "Usher": ["southAmerica", "northAmerica", "africa"], "Katerine": ["africa"], "George Michael": ["northAmerica", "africa", "asia"], "Clean Bandit": ["northAmerica", "africa", "australiaOceania", "asia"], "Madonna": ["europe", "northAmerica", "southAmerica", "africa", "australiaOceania", "asia"], "UNKLE": ["europe"], "The Ting Tings": ["asia"], "The Cinematic Orchestra": ["africa"], "Naughty By Nature": ["africa"], "Morgan Page": ["africa"], "Jason Der\u00fclo": ["northAmerica", "africa", "asia"], "Kehlani": ["northAmerica"], "CMX": ["europe"], "Eppu Normaali": ["europe"], "Britney Spears": ["southAmerica", "northAmerica", "africa", "australiaOceania", "asia"], "Alice Cooper": ["australiaOceania"], "Ryan Adams": ["europe", "africa"], "Fabrizio De Andr\u00e9": ["europe"], "SWV": ["africa"], "Emma Watson, Dan Stevens, Ewan McGregor, Ian McKellen, Emma Thompson, Nathan Mack & Gugu Mbatha-Raw": ["australiaOceania"], "Lilly Wood & The Prick": ["africa"], "alt-J": ["europe", "northAmerica", "africa", "australiaOceania", "asia"], "Tcheka": ["africa"], "Patrice": ["africa"], "Yo La Tengo": ["europe"], "Zayn": ["northAmerica", "asia"], "Joe Bonamassa": ["asia"], "John Legend": ["northAmerica", "africa", "asia"], "The Paper Kites": ["europe"], "Animal Collective": ["africa", "asia"], "Rhye": ["asia"], "Solomon Burke": ["africa"], "Tired Pony": ["africa"], "Danny Brown": ["africa"], "LCD Soundsystem": ["asia"], "Macklemore & Ryan Lewis": ["northAmerica", "africa"], "Tracy Chapman": ["africa", "asia"], "Godsmack": ["asia"], "The Naked and Famous": ["africa", "asia"], "Keane": ["africa", "asia"], "Eric Clapton": ["europe", "asia"], "H\u00e5kan Hellstr\u00f6m": ["europe"], "Los Tres": ["southAmerica"], "The Radio Dept.": ["asia"], "Jimi Hendrix": ["africa", "asia"], "A$AP Rocky": ["africa"], "\u6771\u4eac\u4e8b\u5909": ["asia"], "Fatboy Slim": ["australiaOceania"], "Big Sean": ["africa"], "Bon Jovi": ["africa", "asia", "australiaOceania"], "Aurora": ["europe"], "Adam Lambert": ["africa"], "The xx": ["europe", "northAmerica", "southAmerica", "africa", "australiaOceania", "asia"], "Miriam Bryant": ["europe"], "Nicki Minaj": ["northAmerica", "africa", "asia", "australiaOceania"], "Zo\u00e9": ["northAmerica"], "Hot Chip": ["africa"], "Carly Rae Jepsen": ["africa", "australiaOceania", "asia"], "James Taylor": ["asia"], "Marc Anthony": ["northAmerica"], "Flo Rida": ["southAmerica", "northAmerica", "africa", "asia"], "Ke$ha": ["africa"], "Phil Collins": ["northAmerica", "africa"], "Kent": ["europe"], "ScHoolboy Q": ["africa"], "The Shins": ["northAmerica", "australiaOceania"], "Creedence Clearwater Revival": ["northAmerica", "africa", "australiaOceania"], "Akcent": ["asia"], "Action Bronson": ["africa"], "Ladytron": ["africa"], "Pariisin Kev\u00e4t": ["europe"], "Veronica Maggio": ["europe"], "Tycho": ["northAmerica", "africa", "asia"], "\u5742\u672c\u9f8d\u4e00": ["asia"], "Nick Drake": ["europe", "africa"], "Capsule": ["asia"], "Scorpions": ["europe", "africa", "asia"], "Backstreet Boys": ["africa", "australiaOceania"], "Sufjan Stevens": ["europe", "northAmerica", "africa", "australiaOceania", "asia"], "Wham!": ["europe"], "Bomba Est\u00e9reo": ["southAmerica"], "Leevi and the Leavings": ["europe"], "Luke Evans, Josh Gad, Ensemble - Beauty and the Beast, Emma Thompson, Ian McKellen, Stanley Tucci, Nathan Mack, Gugu Mbatha-Raw & Ewan McGregor": ["australiaOceania"], "Kaytranada": ["africa"], "Odesza": ["northAmerica"], "Fall Out Boy": ["europe", "northAmerica", "southAmerica", "africa", "australiaOceania", "asia"], "OutKast": ["northAmerica", "africa", "asia", "australiaOceania"], "Damian Marley": ["southAmerica"], "Jefferson Airplane": ["africa"], "Moderat": ["europe", "asia"], "Charly Garc\u00eda": ["southAmerica"], "Lukas Graham": ["europe"], "The Beach Boys": ["europe", "northAmerica", "africa", "asia"], "Passenger": ["europe", "africa", "asia"], "Boards of Canada": ["europe", "africa", "australiaOceania", "asia"], "Patrick O'Hearn": ["asia"], "Rick Ross": ["africa"], "DJ Snake": ["northAmerica", "africa", "asia"], "Zara Larsson": ["europe", "northAmerica", "africa"], "Efek Rumah Kaca": ["asia"], "Chronixx": ["northAmerica"], "Radiohead": ["europe", "northAmerica", "southAmerica", "africa", "australiaOceania", "asia"], "Joy Division": ["europe", "southAmerica", "africa", "australiaOceania", "asia"], "Kasabian": ["europe", "asia"], "Gnarls Barkley": ["asia"], "Jill Scott": ["africa", "asia"], "Bar\u0131\u015f Man\u00e7o": ["europe"], "Santana": ["northAmerica", "africa", "asia"], "\u30c1\u30e3\u30c3\u30c8\u30e2\u30f3\u30c1\u30fc": ["asia"], "Katy Perry": ["europe", "northAmerica", "southAmerica", "africa", "australiaOceania", "asia"], "Portishead": ["europe", "africa", "asia"], "Manu Chao": ["africa"], "Venom": ["australiaOceania"], "Franz Schubert": ["africa"], "DMX": ["africa"], "Nusrat Fateh Ali Khan": ["asia"], "Missy Elliott": ["africa"], "\u9673\u5955\u8fc5": ["asia"], "Pixies": ["europe", "southAmerica", "africa", "australiaOceania", "asia"], "Guns N' Roses": ["europe", "southAmerica", "northAmerica", "africa", "asia"], "Payung Teduh": ["asia"], "First Aid Kit": ["europe"], "Aerosmith": ["europe", "southAmerica", "northAmerica", "asia"], "Feist": ["europe", "northAmerica", "africa"], "Adele": ["europe", "northAmerica", "southAmerica", "africa", "australiaOceania", "asia"], "Opeth": ["africa"], "Jimmy Eat World": ["northAmerica"], "John Newman": ["africa"], "The Knife": ["africa", "asia"], "Tame Impala": ["europe", "northAmerica", "southAmerica", "africa", "australiaOceania", "asia"], "The Fray": ["europe"], "Nickelback": ["europe", "asia"], "Mogwai": ["europe", "australiaOceania", "asia"], "T.I.": ["southAmerica", "africa"], "Christina Aguilera": ["southAmerica", "northAmerica", "africa", "asia"], "Caribou": ["africa", "australiaOceania"], "R. Kelly": ["northAmerica", "africa", "asia"], "Mor ve \u00d6tesi": ["europe"], "The Jimi Hendrix Experience": ["africa"], "Ne-Yo": ["northAmerica"], "Kraak & Smaak": ["africa"], "Josh Gad, Luke Evans & Ensemble - Beauty and the Beast": ["australiaOceania"], "Wiz Khalifa": ["northAmerica", "africa"], "Arnob": ["asia"], "John Mayer": ["europe", "northAmerica", "southAmerica", "africa", "australiaOceania", "asia"], "James Blake": ["europe", "northAmerica", "africa", "asia"], "A Tribe Called Quest": ["northAmerica", "africa", "asia"], "Cream": ["africa"], "Louis Armstrong": ["africa"], "Dizzee Rascal": ["africa", "australiaOceania"], "Bee Gees": ["africa"], "Neil Young": ["africa"], "Billie Holiday": ["asia"], "Faith Evans": ["northAmerica"], "Walk the Moon": ["northAmerica"], "Pitbull": ["europe", "northAmerica", "africa", "australiaOceania", "asia"], "Hey": ["europe"], "The Supremes": ["africa"], "Lights": ["africa"], "Bruce Springsteen": ["europe", "northAmerica", "africa", "australiaOceania", "asia"], "Stone Sour": ["africa", "asia"], "Earth, Wind & Fire": ["northAmerica"], "fun.": ["northAmerica", "africa"], "Kings of Leon": ["europe", "northAmerica", "southAmerica", "africa", "australiaOceania", "asia"], "Kendrick Lamar": ["europe", "northAmerica", "southAmerica", "africa", "australiaOceania", "asia"], "Mr.Children": ["asia"], "Fleet Foxes": ["southAmerica", "northAmerica", "africa", "australiaOceania"], "Nina Simone": ["europe", "africa", "asia"], "Arcade Fire": ["europe", "northAmerica", "southAmerica", "africa", "australiaOceania", "asia"], "Z\u0435\u043c\u0444\u0438\u0440\u0430": ["europe", "asia"], "Train": ["africa"], "Death Cab for Cutie": ["northAmerica", "africa"], "Babyface": ["africa"], "Major Lazer": ["europe", "northAmerica", "southAmerica", "africa", "australiaOceania", "asia"], "Glass Animals": ["asia"], "\u041b\u044f\u043f\u0438\u0441 \u0422\u0440\u0443\u0431\u0435\u0446\u043a\u043e\u0439": ["europe"], "Os Tubar\u00f5es": ["africa"], "Esbj\u00f6rn Svensson Trio": ["asia"], "Slipknot": ["europe", "africa", "asia"], "Lily Allen": ["africa"], "Alan Menken": ["australiaOceania"], "Metronomy": ["europe", "africa", "asia"], "Ab-Soul": ["africa"], "AC/DC": ["europe", "southAmerica", "northAmerica", "africa", "asia"], "Simon & Garfunkel": ["europe", "northAmerica", "africa", "australiaOceania"], "Rammstein": ["europe", "africa", "asia"], "Michael Bubl\u00e9": ["northAmerica", "africa"], "Mariah Carey": ["europe", "northAmerica", "africa", "australiaOceania", "asia"], "Rae Sremmurd": ["africa"], "Regina Spektor": ["australiaOceania", "asia"], "Bright Eyes": ["australiaOceania"], "\u690e\u540d\u6797\u6a8e": ["asia"], "Florence + the Machine": ["europe", "northAmerica", "southAmerica", "africa", "australiaOceania", "asia"], "Incubus": ["southAmerica", "northAmerica", "africa", "asia"], "Foals": ["europe", "northAmerica", "africa", "asia", "australiaOceania"], "Duke Dumont": ["africa"], "Everlast": ["australiaOceania"], "Antti Tuisku": ["europe"], "Van Halen": ["northAmerica"], "Madeleine Peyroux": ["asia"], "Beastie Boys": ["africa", "australiaOceania"], "Frank Sinatra": ["northAmerica", "africa", "asia"], "Nas": ["africa"], "Eagles": ["africa", "asia"], "Sara Bareilles": ["africa"], "Los Prisioneros": ["southAmerica"], "Kurt Vile": ["africa"], "Etta James": ["asia"], "Dr. Dre": ["northAmerica", "africa"], "Bob Dylan": ["europe", "northAmerica", "southAmerica", "africa", "australiaOceania", "asia"], "Lecrae": ["northAmerica"], "MATOMA": ["europe", "africa"], "Charli XCX": ["australiaOceania"], "Daughter": ["europe", "australiaOceania"], "Apocalyptica": ["asia"], "Gustavo Cerati": ["southAmerica", "northAmerica"], "Bob Marley": ["africa", "asia"], "Whitney Houston": ["northAmerica", "africa", "asia"], "Demi Lovato": ["southAmerica", "northAmerica", "africa", "asia", "australiaOceania"], "Spice Girls": ["africa"], "Miley Cyrus": ["northAmerica", "africa", "asia", "australiaOceania"], "MALIQ & D'Essentials": ["asia"], "Tito Paris": ["africa"], "Supertramp": ["africa"], "Kiiara": ["africa"], "L'Arc~en~Ciel": ["asia"], "Ella Fitzgerald": ["africa", "asia"], "Ciara": ["africa"], "Jennifer Lopez": ["africa"], "Teoman": ["europe"], "Linkin Park": ["europe", "northAmerica", "southAmerica", "africa", "australiaOceania", "asia"], "Sum 41": ["europe"], "Van Morrison": ["africa", "asia"], "Janet Jackson": ["northAmerica", "africa"], "Banks": ["northAmerica", "africa"], "Dwayne Johnson": ["australiaOceania"], "The Used": ["asia"], "Perfume": ["asia"], "Minnie Riperton": ["africa"], "Cat Power": ["europe", "australiaOceania"], "Grimes": ["northAmerica", "africa", "australiaOceania", "asia"], "Oscar Peterson": ["asia"], "The Kinks": ["africa"], "RJD2": ["africa"], "Future Islands": ["africa"], "\u041b\u0435\u043d\u0438\u043d\u0433\u0440\u0430\u0434": ["europe", "asia"], "Joe Cocker": ["asia"], "Kraftwerk": ["africa"], "Bruno Mars": ["europe", "northAmerica", "southAmerica", "africa", "australiaOceania", "asia"], "Sanni": ["europe"], "Skillet": ["northAmerica"], "Mary J. Blige": ["northAmerica", "africa"], "Pink": ["asia"], "Olamide": ["africa"], "Natalia Lafourcade": ["northAmerica"], "\u00c1sgeir": ["europe"], "Jack Johnson": ["southAmerica", "northAmerica", "africa", "asia", "australiaOceania"], "\u0411\u0438-2": ["europe", "asia"], "Alicia Keys": ["northAmerica", "africa", "asia"], "J. Karjalainen": ["europe"], "Tool": ["europe", "africa", "australiaOceania"], "Chance the Rapper": ["southAmerica", "northAmerica", "africa"], "The Stone Roses": ["australiaOceania"], "Nick Cave & The Bad Seeds": ["europe", "africa", "australiaOceania", "asia"], "Astrid S": ["europe"], "Jon Hopkins": ["europe"], "Halsey": ["africa", "asia"], "Destiny's Child": ["africa"], "Brandy": ["africa"], "\u30d5\u30b8\u30d5\u30a1\u30d6\u30ea\u30c3\u30af": ["asia"], "Sean Paul": ["africa"], "London Grammar": ["africa"], "YUKI": ["asia"], "Stereophonics": ["asia"], "Otis Redding": ["europe", "africa", "asia"], "Kiss": ["africa"], "A Day to Remember": ["southAmerica"], "Iron Maiden": ["europe", "africa", "asia"], "Kodak Black": ["africa"], "Fleetwood Mac": ["europe", "northAmerica", "southAmerica", "africa", "australiaOceania", "asia"], "Peter Gabriel": ["africa"], "Drake": ["europe", "northAmerica", "southAmerica", "africa", "australiaOceania", "asia"], "Air": ["europe", "africa", "australiaOceania", "asia"], "Robbie Williams": ["africa"], "Jamiroquai": ["asia"], "MGMT": ["europe", "southAmerica", "northAmerica", "asia"], "JVG": ["europe"], "The Ronettes": ["africa"], "Jamie xx": ["europe", "africa"], "Armin van Buuren": ["africa"], "Franz Ferdinand": ["europe", "southAmerica", "northAmerica"], "The Rolling Stones": ["europe", "northAmerica", "southAmerica", "africa", "australiaOceania", "asia"], "My Morning Jacket": ["northAmerica"], "Karpe Diem": ["europe"], "Shawn Mendes": ["europe", "northAmerica", "africa", "asia"], "\u0410\u0440\u0438\u044f": ["asia"], "Jason Mraz": ["europe", "southAmerica", "northAmerica", "africa", "asia"], "\u690d\u677e\u4f38\u592b": ["africa"], "Imagine Dragons": ["europe", "northAmerica", "southAmerica", "africa", "australiaOceania", "asia"], "Janis Joplin": ["africa"], "\u30b9\u30d4\u30c3\u30c4": ["asia"], "The Byrds": ["africa"], "Prince": ["northAmerica", "africa"], "Daft Punk": ["europe", "northAmerica", "southAmerica", "africa", "australiaOceania", "asia"], "Mot\u00f6rhead": ["asia"], "Deep Purple": ["europe", "africa"], "Edward Vesala": ["europe"], "Vybz Kartel": ["northAmerica", "africa"], "Flying Lotus": ["africa", "australiaOceania"], "\u0639\u0645\u0631 \u062f\u064a\u0627\u0628": ["africa"], "2 Chainz": ["africa"], "Zedd": ["northAmerica", "asia"], "Mos Def": ["africa"], "Amos Lee": ["africa"], "Soda Stereo": ["southAmerica", "northAmerica"], "Bryan Adams": ["asia"], "Mika": ["africa"], "Sky Ferreira": ["africa"], "\u6797\u4fca\u5091": ["asia"], "Yellowcard": ["africa"], "Brodka": ["europe"], "No Doubt": ["northAmerica", "australiaOceania"], "blink-182": ["europe", "northAmerica", "southAmerica", "africa", "asia", "australiaOceania"], "U2": ["europe", "southAmerica", "northAmerica", "africa", "asia"], "DJ Khaled": ["northAmerica", "africa"], "Tom Misch": ["africa"], "Oxxxymiron": ["asia"], "Mr. Oizo": ["africa"], "Tulus": ["asia"], "Led Zeppelin": ["europe", "northAmerica", "southAmerica", "africa", "australiaOceania", "asia"], "Hork\u00fd\u017ee Sl\u00ed\u017ee": ["europe"], "Lorde": ["europe", "northAmerica", "southAmerica", "africa", "australiaOceania", "asia"], "System of a Down": ["europe", "northAmerica", "africa", "asia"], "Olivia Foa'i": ["australiaOceania"], "Ed Sheeran": ["europe", "northAmerica", "southAmerica", "africa", "australiaOceania", "asia"], "Jos\u00e9 Gonz\u00e1lez": ["europe", "northAmerica", "africa"], "Birdy Nam Nam": ["africa"], "Alanis Morissette": ["australiaOceania"], "Joey Badass": ["africa"], "Placebo": ["europe", "northAmerica", "africa", "australiaOceania", "asia"], "Chet Faker": ["northAmerica", "africa"], "Burial": ["africa", "asia"], "Alina Baraz": ["africa"], "Supercar": ["asia"], "Aphex Twin": ["europe", "northAmerica", "africa", "australiaOceania", "asia"], "Pink Floyd": ["europe", "northAmerica", "southAmerica", "africa", "australiaOceania", "asia"], "The Pretty Reckless": ["africa"], "Maroon 5": ["europe", "northAmerica", "southAmerica", "africa", "australiaOceania", "asia"], "Birdy": ["northAmerica", "africa", "asia"], "John Coltrane": ["africa"], "The Neighbourhood": ["northAmerica"], "Grizzly Bear": ["europe", "africa"], "Crystal Castles": ["europe", "africa", "asia"], "\u5b87\u591a\u7530\u30d2\u30ab\u30eb": ["asia"], "Post Malone": ["africa"], "The Who": ["europe", "africa", "asia", "australiaOceania"], "Depeche Mode": ["europe", "northAmerica", "southAmerica", "africa", "australiaOceania", "asia"], "DJ Shadow": ["africa"], "Chris Botti": ["asia"], "Mark Ronson": ["africa", "asia"], "Emancipator": ["europe", "africa"], "Susanne Sundf\u00f8r": ["europe"], "Skrillex": ["northAmerica", "africa"], "JUDY AND MARY": ["asia"], "David Guetta": ["europe", "northAmerica", "southAmerica", "africa", "australiaOceania", "asia"], "Paul Simon": ["africa"], "Flume": ["europe", "northAmerica", "africa", "asia", "australiaOceania"], "Bryson Tiller": ["northAmerica"], "Yuna": ["asia"], "Chant\u00e9 Moore": ["africa"], "Four Tet": ["africa"], "SOHN": ["northAmerica"], "Wu-Tang Clan": ["africa"], "Omarion": ["africa"], "2Pac": ["northAmerica", "africa", "asia"], "Unheilig": ["africa"], "3 Doors Down": ["africa", "asia"], "Peggy Lee": ["asia"], "Morphine": ["europe"], "\u041e\u043a\u0435\u0430\u043d \u0415\u043b\u044c\u0437\u0438": ["europe"], "Anathema": ["asia"], "Dinah Washington": ["asia"], "Moby": ["europe", "northAmerica", "africa", "australiaOceania", "asia"], "Purity Ring": ["northAmerica", "africa"], "Kid Cudi": ["northAmerica", "africa", "australiaOceania"], "Little Dragon": ["africa", "asia"], "m\u00fam": ["africa"], "Galantis": ["africa"], "Wale": ["africa"], "Klaxons": ["asia"], "Foster the People": ["southAmerica", "northAmerica", "africa", "asia"], "Stevie Wonder": ["europe", "northAmerica", "africa", "asia"], "The Delfonics": ["africa"], "William Fitzsimmons": ["africa"], "Mike Oldfield": ["africa"], "A Perfect Circle": ["africa"], "M.I.A.": ["northAmerica", "africa", "australiaOceania"], "The Velvet Underground": ["africa"], "Zero 7": ["africa"], "Apulanta": ["europe"], "Caf\u00e9 Tacvba": ["southAmerica", "northAmerica"], "Soundgarden": ["europe"], "Anberlin": ["asia"], "Sezen Aksu": ["europe"], "Parra for Cuva": ["africa"], "Evanescence": ["africa", "asia"], "Otto Knows": ["africa"], "Anitta": ["southAmerica"], "R\u00f6yksopp": ["europe", "africa", "asia"], "Camille": ["asia"], "Sia": ["europe", "northAmerica", "southAmerica", "africa", "australiaOceania", "asia"], "Ramones": ["africa"], "Adam Mitchell, Stanley Tucci, Ewan McGregor, Gugu Mbatha-Raw, Ian McKellen, Emma Thompson, Emma Watson, Audra McDonald & Clive Rowe": ["australiaOceania"], "AlunaGeorge": ["africa"], "\u5c71\u4e0b\u9054\u90ce": ["asia"], "Clint Mansell": ["northAmerica"], "John Martyn": ["asia"], "Emma Thompson": ["australiaOceania"], "The Doors": ["europe", "southAmerica", "northAmerica", "africa", "asia"], "Tricky": ["australiaOceania"], "Yeasayer": ["asia"], "Wizkid": ["africa"], "M83": ["europe", "northAmerica", "africa", "australiaOceania", "asia"], "New Order": ["europe", "southAmerica", "northAmerica", "africa", "asia"], "Calvin Harris": ["europe", "northAmerica", "southAmerica", "africa", "australiaOceania", "asia"], "Justin Bieber": ["europe", "northAmerica", "southAmerica", "africa", "australiaOceania", "asia"], "Nine Inch Nails": ["europe", "northAmerica", "africa", "australiaOceania", "asia"], "The Jackson 5": ["northAmerica", "africa"], "The Postal Service": ["asia"], "P!nk": ["southAmerica", "northAmerica", "africa", "asia", "australiaOceania"], "Kindness": ["africa"], "Albatross": ["asia"], "Bob Moses": ["europe"], "Deftones": ["europe", "africa", "asia"], "Lianne La Havas": ["africa", "asia"], "Cheek": ["europe"], "Baauer": ["africa"], "Lady Gaga": ["southAmerica", "northAmerica", "africa", "australiaOceania", "asia"], "Future": ["northAmerica", "africa"], "Hailee Steinfeld": ["asia"], "Anssi Kela": ["europe"], "Jeremih": ["northAmerica"], "Lykke Li": ["africa", "australiaOceania"], "Audioslave": ["southAmerica", "africa", "asia"], "Chuck Berry": ["asia"], "Garbage": ["australiaOceania", "asia"], "Ray Charles": ["africa"], "Andrew Bird": ["asia"], "Band of Horses": ["africa"], "Randy Newman": ["asia"], "Ennio Morricone": ["asia"], "Mumford & Sons": ["europe", "northAmerica", "africa", "asia", "australiaOceania"], "The Cranberries": ["northAmerica", "africa", "asia"], "Dire Straits": ["europe", "africa"], "Frank Ocean": ["southAmerica", "northAmerica", "africa", "asia", "australiaOceania"]}