{"europe": ["azerbaijan", "cyprus", "lithuania", "andorra", "norway", "belgium", "kazakhstan", "netherlands", "denmark", "moldova", "latvia", "switzerland", "bulgaria", "albania", "serbia", "greece", "luxembourg", "croatia", "armenia", "ukraine", "finland", "romania", "czech republic", "austria", "hungary", "turkey", "united kingdom", "estonia", "france", "slovakia", "ireland", "montenegro", "spain", "georgia", "sweden", "portugal", "san marino", "belarus", "italy", "malta", "iceland", "slovenia", "germany", "poland", "liechtenstein", "monaco", "russian federation", "macedonia"], "northAmerica": ["barbados", "cuba", "guatemala", "haiti", "jamaica", "nicaragua", "panama", "saint kitts and nevis", "trinidad and tobago", "antigua and barbuda", "dominican republic", "belize", "mexico", "bahamas", "grenada", "saint vincent and the grenadines", "canada", "saint lucia", "costa rica", "honduras", "dominica", "el salvador", "united states"], "southAmerica": ["argentina", "brazil", "peru", "venezuela", "guyana", "colombia", "bolivia", "ecuador", "chile", "uruguay", "paraguay", "suriname"], "africa": ["cameroon", "tunisia", "mali", "ethiopia", "madagascar", "kenya", "zambia", "cambodia", "egypt", "rwanda", "morocco", "south africa", "ghana", "zimbabwe", "gambia", "algeria", "djibouti", "burundi", "senegal", "namibia", "angola", "botswana", "uganda", "sudan", "togo", "mozambique", "niger", "nigeria", "malawi", "swaziland", "seychelles", "lesotho", "cape verde", "mauritania", "chad", "equatorial guinea", "mauritius", "gabon"], "australiaOceania": ["australia", "samoa", "new zealand", "palau", "fiji", "vanuatu", "solomon islands", "tonga"], "asia": ["china", "philippines", "taiwan", "malaysia", "japan", "afghanistan", "thailand", "uzbekistan", "bhutan", "mongolia", "lebanon", "benin", "bangladesh", "jordan", "iraq", "russian federation", "saudi arabia", "bahrain", "sri lanka", "singapore", "yemen", "india", "qatar", "united arab emirates", "maldives", "united arab emirates", "israel", "turkmenistan", "kuwait", "kyrgyzstan", "nepal", "pakistan", "myanmar", "tajikistan", "oman", "indonesia"]}